,comunidad_autónoma,demanda (MW),porcentaje (%),mes,año
0,Andalucía,3668893.328,1,1,2019
1,Andalucía,3152278.091,1,2,2019
2,Andalucía,3216356.36,1,3,2019
3,Andalucía,3029639.973,1,4,2019
4,Andalucía,3154123.467,1,5,2019
5,Andalucía,3181997.313,1,6,2019
6,Andalucía,3676269.543,1,7,2019
7,Andalucía,3786647.665,1,8,2019
8,Andalucía,3261926.084,1,9,2019
9,Andalucía,3143205.713,1,10,2019
10,Andalucía,3215694.404,1,11,2019
11,Andalucía,3383670.228,1,12,2019
0,Aragón,957420.099,1,1,2019
1,Aragón,859577.223,1,2,2019
2,Aragón,931375.419,1,3,2019
3,Aragón,861851.879,1,4,2019
4,Aragón,901078.329,1,5,2019
5,Aragón,887513.783,1,6,2019
6,Aragón,947768.672,1,7,2019
7,Aragón,918355.065,1,8,2019
8,Aragón,880277.404,1,9,2019
9,Aragón,883069.114,1,10,2019
10,Aragón,905361.295,1,11,2019
11,Aragón,875169.733,1,12,2019
0,Canarias,755349.344,1,1,2019
1,Canarias,678572.401,1,2,2019
2,Canarias,738613.341,1,3,2019
3,Canarias,701144.535,1,4,2019
4,Canarias,724435.551,1,5,2019
5,Canarias,714689.013,1,6,2019
6,Canarias,765155.245,1,7,2019
7,Canarias,788634.096,1,8,2019
8,Canarias,752661.657,1,9,2019
9,Canarias,773780.358,1,10,2019
10,Canarias,734424.275,1,11,2019
11,Canarias,747518.318,1,12,2019
0,Cantabria,376344.812,1,1,2019
1,Cantabria,335609.363,1,2,2019
2,Cantabria,363081.312,1,3,2019
3,Cantabria,358214.104,1,4,2019
4,Cantabria,358357.706,1,5,2019
5,Cantabria,334031.262,1,6,2019
6,Cantabria,349591.357,1,7,2019
7,Cantabria,344327.486,1,8,2019
8,Cantabria,341052.811,1,9,2019
9,Cantabria,347289.235,1,10,2019
10,Cantabria,356017.986,1,11,2019
11,Cantabria,324383.453,1,12,2019
0,Castilla - La Mancha,1112346.134,1,1,2019
1,Castilla - La Mancha,988724.576,1,2,2019
2,Castilla - La Mancha,1039939.791,1,3,2019
3,Castilla - La Mancha,931138.133,1,4,2019
4,Castilla - La Mancha,975360.89,1,5,2019
5,Castilla - La Mancha,1000327.159,1,6,2019
6,Castilla - La Mancha,1152988.982,1,7,2019
7,Castilla - La Mancha,1077388.382,1,8,2019
8,Castilla - La Mancha,931369.774,1,9,2019
9,Castilla - La Mancha,944877.518,1,10,2019
10,Castilla - La Mancha,970712.128,1,11,2019
11,Castilla - La Mancha,1010042.555,1,12,2019
0,Castilla y León,1304599.661,1,1,2019
1,Castilla y León,1139791.713,1,2,2019
2,Castilla y León,1205850.157,1,3,2019
3,Castilla y León,1138940.089,1,4,2019
4,Castilla y León,1168948.401,1,5,2019
5,Castilla y León,1142368.133,1,6,2019
6,Castilla y León,1245721.68,1,7,2019
7,Castilla y León,1164281.486,1,8,2019
8,Castilla y León,1097241.152,1,9,2019
9,Castilla y León,1160622.707,1,10,2019
10,Castilla y León,1207924.771,1,11,2019
11,Castilla y León,1205933.214,1,12,2019
0,Cataluña,4346165.016,1,1,2019
1,Cataluña,3805809.279,1,2,2019
2,Cataluña,3885658.35,1,3,2019
3,Cataluña,3641927.976,1,4,2019
4,Cataluña,3724228.479,1,5,2019
5,Cataluña,3773188.661,1,6,2019
6,Cataluña,4446351.053,1,7,2019
7,Cataluña,3978863.274,1,8,2019
8,Cataluña,3832204.511,1,9,2019
9,Cataluña,3819970.185,1,10,2019
10,Cataluña,3912259.315,1,11,2019
11,Cataluña,3858858.012,1,12,2019
0,Ceuta,17830.239,1,1,2019
1,Ceuta,16019.527,1,2,2019
2,Ceuta,16598.235,1,3,2019
3,Ceuta,15221.094,1,4,2019
4,Ceuta,16753.54,1,5,2019
5,Ceuta,16642.239,1,6,2019
6,Ceuta,18185.252,1,7,2019
7,Ceuta,18656.52,1,8,2019
8,Ceuta,17603.892,1,9,2019
9,Ceuta,17669.152,1,10,2019
10,Ceuta,17157.331,1,11,2019
11,Ceuta,17711.219,1,12,2019
0,Comunidad de Madrid,2744878.748,1,1,2019
1,Comunidad de Madrid,2356460.794,1,2,2019
2,Comunidad de Madrid,2350064.364,1,3,2019
3,Comunidad de Madrid,2217591.032,1,4,2019
4,Comunidad de Madrid,2149296.957,1,5,2019
5,Comunidad de Madrid,2281728.415,1,6,2019
6,Comunidad de Madrid,2651654.285,1,7,2019
7,Comunidad de Madrid,2274433.692,1,8,2019
8,Comunidad de Madrid,2149610.628,1,9,2019
9,Comunidad de Madrid,2267264.364,1,10,2019
10,Comunidad de Madrid,2467031.06,1,11,2019
11,Comunidad de Madrid,2545189.886,1,12,2019
0,Comunidad Foral de Navarra,463542.521,1,1,2019
1,Comunidad Foral de Navarra,412888.134,1,2,2019
2,Comunidad Foral de Navarra,439192.257,1,3,2019
3,Comunidad Foral de Navarra,409324.995,1,4,2019
4,Comunidad Foral de Navarra,439674.461,1,5,2019
5,Comunidad Foral de Navarra,431270.896,1,6,2019
6,Comunidad Foral de Navarra,425913.131,1,7,2019
7,Comunidad Foral de Navarra,403832.721,1,8,2019
8,Comunidad Foral de Navarra,424695.647,1,9,2019
9,Comunidad Foral de Navarra,448901.458,1,10,2019
10,Comunidad Foral de Navarra,441644.372,1,11,2019
11,Comunidad Foral de Navarra,408815.515,1,12,2019
0,Comunitat Valenciana,2510836.663,1,1,2019
1,Comunitat Valenciana,2134019.425,1,2,2019
2,Comunitat Valenciana,2164887.68,1,3,2019
3,Comunitat Valenciana,2082313.392,1,4,2019
4,Comunitat Valenciana,2123696.885,1,5,2019
5,Comunitat Valenciana,2173952.957,1,6,2019
6,Comunitat Valenciana,2732096.081,1,7,2019
7,Comunitat Valenciana,2443273.028,1,8,2019
8,Comunitat Valenciana,2226532.905,1,9,2019
9,Comunitat Valenciana,2186210.866,1,10,2019
10,Comunitat Valenciana,2209449.199,1,11,2019
11,Comunitat Valenciana,2222962.963,1,12,2019
0,Extremadura,457953.307,1,1,2019
1,Extremadura,394740.895,1,2,2019
2,Extremadura,388246.938,1,3,2019
3,Extremadura,392573.28,1,4,2019
4,Extremadura,371863.619,1,5,2019
5,Extremadura,390596.367,1,6,2019
6,Extremadura,431889.831,1,7,2019
7,Extremadura,482287.397,1,8,2019
8,Extremadura,429437.981,1,9,2019
9,Extremadura,394986.126,1,10,2019
10,Extremadura,414780.995,1,11,2019
11,Extremadura,416962.301,1,12,2019
0,Galicia,1831829.718,1,1,2019
1,Galicia,1563729.72,1,2,2019
2,Galicia,1570501.303,1,3,2019
3,Galicia,1498887.102,1,4,2019
4,Galicia,1455568.887,1,5,2019
5,Galicia,1403979.936,1,6,2019
6,Galicia,1459713.949,1,7,2019
7,Galicia,1458252.716,1,8,2019
8,Galicia,1437838.622,1,9,2019
9,Galicia,1518709.899,1,10,2019
10,Galicia,1611162.935,1,11,2019
11,Galicia,1639128.236,1,12,2019
0,Illes Balears,477795.703,1,1,2019
1,Illes Balears,415344.403,1,2,2019
2,Illes Balears,436816.193,1,3,2019
3,Illes Balears,446407.913,1,4,2019
4,Illes Balears,477010.374,1,5,2019
5,Illes Balears,539722.271,1,6,2019
6,Illes Balears,719464.877,1,7,2019
7,Illes Balears,705099.073,1,8,2019
8,Illes Balears,572623.989,1,9,2019
9,Illes Balears,490426.996,1,10,2019
10,Illes Balears,412701.696,1,11,2019
11,Illes Balears,421812.285,1,12,2019
0,La Rioja,157569.432,1,1,2019
1,La Rioja,137243.524,1,2,2019
2,La Rioja,144513.078,1,3,2019
3,La Rioja,133753.57,1,4,2019
4,La Rioja,134904.534,1,5,2019
5,La Rioja,133645.37,1,6,2019
6,La Rioja,153082.682,1,7,2019
7,La Rioja,134540.513,1,8,2019
8,La Rioja,136656.05,1,9,2019
9,La Rioja,148673.966,1,10,2019
10,La Rioja,145490.168,1,11,2019
11,La Rioja,141234.636,1,12,2019
0,Melilla,18530.186,1,1,2019
1,Melilla,15963.18,1,2,2019
2,Melilla,16622.099,1,3,2019
3,Melilla,15384.125,1,4,2019
4,Melilla,16956.698,1,5,2019
5,Melilla,17069.632,1,6,2019
6,Melilla,19981.725,1,7,2019
7,Melilla,21285.859,1,8,2019
8,Melilla,18638.026,1,9,2019
9,Melilla,17507.116,1,10,2019
10,Melilla,16251.095,1,11,2019
11,Melilla,16714.884,1,12,2019
0,País Vasco,1566908.501,1,1,2019
1,País Vasco,1349915.466,1,2,2019
2,País Vasco,1438251.76,1,3,2019
3,País Vasco,1324846.851,1,4,2019
4,País Vasco,1412540.967,1,5,2019
5,País Vasco,1320335.319,1,6,2019
6,País Vasco,1321611.713,1,7,2019
7,País Vasco,1067567.8,1,8,2019
8,País Vasco,1313870.402,1,9,2019
9,País Vasco,1401028.409,1,10,2019
10,País Vasco,1440323.849,1,11,2019
11,País Vasco,1327169.282,1,12,2019
0,Principado de Asturias,955695.747,1,1,2019
1,Principado de Asturias,800857.082,1,2,2019
2,Principado de Asturias,819770.82,1,3,2019
3,Principado de Asturias,775652.082,1,4,2019
4,Principado de Asturias,775558.988,1,5,2019
5,Principado de Asturias,734051.76,1,6,2019
6,Principado de Asturias,771577.431,1,7,2019
7,Principado de Asturias,751690.808,1,8,2019
8,Principado de Asturias,733274.883,1,9,2019
9,Principado de Asturias,741662.952,1,10,2019
10,Principado de Asturias,762830.407,1,11,2019
11,Principado de Asturias,770472.528,1,12,2019
0,Región de Murcia,841665.36,1,1,2019
1,Región de Murcia,722984.391,1,2,2019
2,Región de Murcia,769206.22,1,3,2019
3,Región de Murcia,717397.568,1,4,2019
4,Región de Murcia,753933.437,1,5,2019
5,Región de Murcia,781848.129,1,6,2019
6,Región de Murcia,934973.704,1,7,2019
7,Región de Murcia,891511.529,1,8,2019
8,Región de Murcia,740195.578,1,9,2019
9,Región de Murcia,748991.037,1,10,2019
10,Región de Murcia,756543.658,1,11,2019
11,Región de Murcia,777171.494,1,12,2019
0,Andalucía,3648510.198,1,1,2020
1,Andalucía,3085375.745,1,2,2020
2,Andalucía,3136155.192,1,3,2020
3,Andalucía,2680249.534,1,4,2020
4,Andalucía,2833738.348,1,5,2020
5,Andalucía,2999931.629,1,6,2020
6,Andalucía,3944796.05,1,7,2020
7,Andalucía,3852523.918,1,8,2020
8,Andalucía,3248747.485,1,9,2020
9,Andalucía,3070190.647,1,10,2020
10,Andalucía,3040312.816,1,11,2020
11,Andalucía,3482080.542,1,12,2020
0,Aragón,936969.954,1,1,2020
1,Aragón,847063.224,1,2,2020
2,Aragón,845670.025,1,3,2020
3,Aragón,715893.499,1,4,2020
4,Aragón,780472.526,1,5,2020
5,Aragón,800765.41,1,6,2020
6,Aragón,883086.548,1,7,2020
7,Aragón,884240.341,1,8,2020
8,Aragón,844042.251,1,9,2020
9,Aragón,848048.821,1,10,2020
10,Aragón,854810.773,1,11,2020
11,Aragón,873158.298,1,12,2020
0,Canarias,756953.464,1,1,2020
1,Canarias,705861.132,1,2,2020
2,Canarias,682194.297,1,3,2020
3,Canarias,548481.932,1,4,2020
4,Canarias,581117.603,1,5,2020
5,Canarias,602698.837,1,6,2020
6,Canarias,679184.288,1,7,2020
7,Canarias,712516.545,1,8,2020
8,Canarias,684875.592,1,9,2020
9,Canarias,674860.239,1,10,2020
10,Canarias,652336.766,1,11,2020
11,Canarias,665587.715,1,12,2020
0,Cantabria,341784.053,1,1,2020
1,Cantabria,330739.792,1,2,2020
2,Cantabria,356180.394,1,3,2020
3,Cantabria,287372.937,1,4,2020
4,Cantabria,314378.961,1,5,2020
5,Cantabria,280657.543,1,6,2020
6,Cantabria,319142.121,1,7,2020
7,Cantabria,340134.022,1,8,2020
8,Cantabria,333667.089,1,9,2020
9,Cantabria,351119.216,1,10,2020
10,Cantabria,344154.085,1,11,2020
11,Cantabria,306515.675,1,12,2020
0,Castilla - La Mancha,1061533.843,1,1,2020
1,Castilla - La Mancha,939083.828,1,2,2020
2,Castilla - La Mancha,988619.577,1,3,2020
3,Castilla - La Mancha,807391.746,1,4,2020
4,Castilla - La Mancha,917831.634,1,5,2020
5,Castilla - La Mancha,964355.873,1,6,2020
6,Castilla - La Mancha,1173169.272,1,7,2020
7,Castilla - La Mancha,1114481.323,1,8,2020
8,Castilla - La Mancha,930478.016,1,9,2020
9,Castilla - La Mancha,926029.016,1,10,2020
10,Castilla - La Mancha,918647.462,1,11,2020
11,Castilla - La Mancha,1018731.82,1,12,2020
0,Castilla y León,1289529.098,1,1,2020
1,Castilla y León,1158160.686,1,2,2020
2,Castilla y León,1127288.907,1,3,2020
3,Castilla y León,903667.226,1,4,2020
4,Castilla y León,975778.847,1,5,2020
5,Castilla y León,1031437.936,1,6,2020
6,Castilla y León,1226900.23,1,7,2020
7,Castilla y León,1126916.921,1,8,2020
8,Castilla y León,1084962.292,1,9,2020
9,Castilla y León,1156341.074,1,10,2020
10,Castilla y León,1143244.181,1,11,2020
11,Castilla y León,1205269.286,1,12,2020
0,Cataluña,4180533.867,1,1,2020
1,Cataluña,3739391.844,1,2,2020
2,Cataluña,3655675.5,1,3,2020
3,Cataluña,2974661.857,1,4,2020
4,Cataluña,3196176.385,1,5,2020
5,Cataluña,3394330.06,1,6,2020
6,Cataluña,4124597.367,1,7,2020
7,Cataluña,3825701.263,1,8,2020
8,Cataluña,3636332.142,1,9,2020
9,Cataluña,3685266.366,1,10,2020
10,Cataluña,3661150.298,1,11,2020
11,Cataluña,3983099.447,1,12,2020
0,Ceuta,17835.113,1,1,2020
1,Ceuta,15770.011,1,2,2020
2,Ceuta,16608.196,1,3,2020
3,Ceuta,15531.111,1,4,2020
4,Ceuta,15827.471,1,5,2020
5,Ceuta,15839.422,1,6,2020
6,Ceuta,17917.496,1,7,2020
7,Ceuta,18096.779,1,8,2020
8,Ceuta,16830.054,1,9,2020
9,Ceuta,16095.768,1,10,2020
10,Ceuta,15792.687,1,11,2020
11,Ceuta,17053.994,1,12,2020
0,Comunidad de Madrid,2737334.364,1,1,2020
1,Comunidad de Madrid,2357438.71,1,2,2020
2,Comunidad de Madrid,2268882.296,1,3,2020
3,Comunidad de Madrid,1825502.09,1,4,2020
4,Comunidad de Madrid,1855359.252,1,5,2020
5,Comunidad de Madrid,2019611.065,1,6,2020
6,Comunidad de Madrid,2525218.389,1,7,2020
7,Comunidad de Madrid,2202008.892,1,8,2020
8,Comunidad de Madrid,2067050.074,1,9,2020
9,Comunidad de Madrid,2184994.561,1,10,2020
10,Comunidad de Madrid,2296506.89,1,11,2020
11,Comunidad de Madrid,2569037.905,1,12,2020
0,Comunidad Foral de Navarra,450763.969,1,1,2020
1,Comunidad Foral de Navarra,422377.178,1,2,2020
2,Comunidad Foral de Navarra,407204.579,1,3,2020
3,Comunidad Foral de Navarra,329918.004,1,4,2020
4,Comunidad Foral de Navarra,377656.588,1,5,2020
5,Comunidad Foral de Navarra,387263.707,1,6,2020
6,Comunidad Foral de Navarra,396242.377,1,7,2020
7,Comunidad Foral de Navarra,391904.088,1,8,2020
8,Comunidad Foral de Navarra,419135.926,1,9,2020
9,Comunidad Foral de Navarra,423452.642,1,10,2020
10,Comunidad Foral de Navarra,427189.248,1,11,2020
11,Comunidad Foral de Navarra,409950.116,1,12,2020
0,Comunitat Valenciana,2508069.037,1,1,2020
1,Comunitat Valenciana,2121198.841,1,2,2020
2,Comunitat Valenciana,2101279.181,1,3,2020
3,Comunitat Valenciana,1658367.752,1,4,2020
4,Comunitat Valenciana,1827469.331,1,5,2020
5,Comunitat Valenciana,1973106.075,1,6,2020
6,Comunitat Valenciana,2517075.658,1,7,2020
7,Comunitat Valenciana,2431482.847,1,8,2020
8,Comunitat Valenciana,2160161.801,1,9,2020
9,Comunitat Valenciana,2092023.643,1,10,2020
10,Comunitat Valenciana,2119833.626,1,11,2020
11,Comunitat Valenciana,2351728.827,1,12,2020
0,Extremadura,458471.77,1,1,2020
1,Extremadura,389007.747,1,2,2020
2,Extremadura,394485.672,1,3,2020
3,Extremadura,337487.516,1,4,2020
4,Extremadura,347169.665,1,5,2020
5,Extremadura,385510.529,1,6,2020
6,Extremadura,497827.803,1,7,2020
7,Extremadura,489402.967,1,8,2020
8,Extremadura,422010.656,1,9,2020
9,Extremadura,396197.376,1,10,2020
10,Extremadura,405048.58,1,11,2020
11,Extremadura,428972.183,1,12,2020
0,Galicia,1697792.905,1,1,2020
1,Galicia,1475967.306,1,2,2020
2,Galicia,1493138.351,1,3,2020
3,Galicia,1268982.914,1,4,2020
4,Galicia,1327958.665,1,5,2020
5,Galicia,1438593.814,1,6,2020
6,Galicia,1380397.914,1,7,2020
7,Galicia,1390800.24,1,8,2020
8,Galicia,1375753.284,1,9,2020
9,Galicia,1471636.389,1,10,2020
10,Galicia,1491474.968,1,11,2020
11,Galicia,1600592.994,1,12,2020
0,Illes Balears,456464.05,1,1,2020
1,Illes Balears,403435.857,1,2,2020
2,Illes Balears,403832.751,1,3,2020
3,Illes Balears,321712.013,1,4,2020
4,Illes Balears,327175.074,1,5,2020
5,Illes Balears,360864.887,1,6,2020
6,Illes Balears,528918.585,1,7,2020
7,Illes Balears,566318.86,1,8,2020
8,Illes Balears,403465.241,1,9,2020
9,Illes Balears,368113.495,1,10,2020
10,Illes Balears,364441.335,1,11,2020
11,Illes Balears,436982.595,1,12,2020
0,La Rioja,155709.587,1,1,2020
1,La Rioja,139196.214,1,2,2020
2,La Rioja,137102.562,1,3,2020
3,La Rioja,111843.378,1,4,2020
4,La Rioja,117782.567,1,5,2020
5,La Rioja,121000.367,1,6,2020
6,La Rioja,144053.936,1,7,2020
7,La Rioja,133978.303,1,8,2020
8,La Rioja,137621.254,1,9,2020
9,La Rioja,141061.124,1,10,2020
10,La Rioja,139104.195,1,11,2020
11,La Rioja,141654.074,1,12,2020
0,Melilla,17812.714,1,1,2020
1,Melilla,15817.3,1,2,2020
2,Melilla,15735.69,1,3,2020
3,Melilla,14737.721,1,4,2020
4,Melilla,15573.759,1,5,2020
5,Melilla,16708.38,1,6,2020
6,Melilla,21140.943,1,7,2020
7,Melilla,22335.731,1,8,2020
8,Melilla,18793.899,1,9,2020
9,Melilla,16551.482,1,10,2020
10,Melilla,15635.69,1,11,2020
11,Melilla,17166.954,1,12,2020
0,País Vasco,1464723.239,1,1,2020
1,País Vasco,1370961.607,1,2,2020
2,País Vasco,1354901.587,1,3,2020
3,País Vasco,969319.589,1,4,2020
4,País Vasco,1122317.097,1,5,2020
5,País Vasco,1157223.566,1,6,2020
6,País Vasco,1211455.235,1,7,2020
7,País Vasco,987600.964,1,8,2020
8,País Vasco,1253870.065,1,9,2020
9,País Vasco,1374290.634,1,10,2020
10,País Vasco,1348346.356,1,11,2020
11,País Vasco,1322546.667,1,12,2020
0,Principado de Asturias,818569.533,1,1,2020
1,Principado de Asturias,753713.456,1,2,2020
2,Principado de Asturias,793322.507,1,3,2020
3,Principado de Asturias,658828.308,1,4,2020
4,Principado de Asturias,673587.975,1,5,2020
5,Principado de Asturias,657386.079,1,6,2020
6,Principado de Asturias,693685.822,1,7,2020
7,Principado de Asturias,670393.413,1,8,2020
8,Principado de Asturias,686850.454,1,9,2020
9,Principado de Asturias,760044.453,1,10,2020
10,Principado de Asturias,746484.147,1,11,2020
11,Principado de Asturias,812041.784,1,12,2020
0,Región de Murcia,826921.959,1,1,2020
1,Región de Murcia,710409.485,1,2,2020
2,Región de Murcia,748455.972,1,3,2020
3,Región de Murcia,630962.979,1,4,2020
4,Región de Murcia,700712.044,1,5,2020
5,Región de Murcia,751296.944,1,6,2020
6,Región de Murcia,909611.101,1,7,2020
7,Región de Murcia,904273.955,1,8,2020
8,Región de Murcia,773862.263,1,9,2020
9,Región de Murcia,737168.266,1,10,2020
10,Región de Murcia,714052.423,1,11,2020
11,Región de Murcia,796790.727,1,12,2020
0,Andalucía,3806960.159,1,1,2021
1,Andalucía,3016830.479,1,2,2021
2,Andalucía,3214203.583,1,3,2021
3,Andalucía,2944784.896,1,4,2021
4,Andalucía,3088142.326,1,5,2021
5,Andalucía,3166035.944,1,6,2021
6,Andalucía,3688723.186,1,7,2021
7,Andalucía,3781782.817,1,8,2021
8,Andalucía,3261936.787,1,9,2021
9,Andalucía,3062789.782,1,10,2021
10,Andalucía,3180304.564,1,11,2021
11,Andalucía,3441074.577,1,12,2021
0,Aragón,899098.143,1,1,2021
1,Aragón,806734.845,1,2,2021
2,Aragón,901481.249,1,3,2021
3,Aragón,835504.911,1,4,2021
4,Aragón,854555.031,1,5,2021
5,Aragón,881086.419,1,6,2021
6,Aragón,914403.06,1,7,2021
7,Aragón,890945.768,1,8,2021
8,Aragón,857223.626,1,9,2021
9,Aragón,842280.712,1,10,2021
10,Aragón,884111.867,1,11,2021
11,Aragón,895918.585,1,12,2021
0,Canarias,648143.584,1,1,2021
1,Canarias,576433.134,1,2,2021
2,Canarias,640601.157,1,3,2021
3,Canarias,615594.768,1,4,2021
4,Canarias,638221.977,1,5,2021
5,Canarias,637990.222,1,6,2021
6,Canarias,702057.86,1,7,2021
7,Canarias,728446.23,1,8,2021
8,Canarias,724325.74,1,9,2021
9,Canarias,734306.806,1,10,2021
10,Canarias,703556.805,1,11,2021
11,Canarias,719893.229,1,12,2021
0,Cantabria,301323.586,1,1,2021
1,Cantabria,312051.981,1,2,2021
2,Cantabria,354118.186,1,3,2021
3,Cantabria,334415.536,1,4,2021
4,Cantabria,354486.889,1,5,2021
5,Cantabria,350482.439,1,6,2021
6,Cantabria,345632.751,1,7,2021
7,Cantabria,345589.824,1,8,2021
8,Cantabria,338863.197,1,9,2021
9,Cantabria,328646.412,1,10,2021
10,Cantabria,336095.262,1,11,2021
11,Cantabria,314925.718,1,12,2021
0,Castilla - La Mancha,1064675.945,1,1,2021
1,Castilla - La Mancha,916023.561,1,2,2021
2,Castilla - La Mancha,1012109.007,1,3,2021
3,Castilla - La Mancha,945621.257,1,4,2021
4,Castilla - La Mancha,983773.982,1,5,2021
5,Castilla - La Mancha,978293.68,1,6,2021
6,Castilla - La Mancha,1138124.645,1,7,2021
7,Castilla - La Mancha,1111553.19,1,8,2021
8,Castilla - La Mancha,942787.008,1,9,2021
9,Castilla - La Mancha,889166.115,1,10,2021
10,Castilla - La Mancha,988074.665,1,11,2021
11,Castilla - La Mancha,1048655.126,1,12,2021
0,Castilla y León,1267533.707,1,1,2021
1,Castilla y León,1100679.804,1,2,2021
2,Castilla y León,1190666.42,1,3,2021
3,Castilla y León,1076771.526,1,4,2021
4,Castilla y León,1107577.857,1,5,2021
5,Castilla y León,1082119.836,1,6,2021
6,Castilla y León,1195913.925,1,7,2021
7,Castilla y León,1139478.345,1,8,2021
8,Castilla y León,1061815.292,1,9,2021
9,Castilla y León,1074792.045,1,10,2021
10,Castilla y León,1177942.866,1,11,2021
11,Castilla y León,1192721.645,1,12,2021
0,Cataluña,4205890.778,1,1,2021
1,Cataluña,3567341.458,1,2,2021
2,Cataluña,3853996.069,1,3,2021
3,Cataluña,3484744.509,1,4,2021
4,Cataluña,3492614.749,1,5,2021
5,Cataluña,3674121.832,1,6,2021
6,Cataluña,4078621.766,1,7,2021
7,Cataluña,3663381.789,1,8,2021
8,Cataluña,3695619.204,1,9,2021
9,Cataluña,3493176.901,1,10,2021
10,Cataluña,3714667.184,1,11,2021
11,Cataluña,3796545.717,1,12,2021
0,Ceuta,18538.656,1,1,2021
1,Ceuta,15215.238,1,2,2021
2,Ceuta,15340.218,1,3,2021
3,Ceuta,15128.393,1,4,2021
4,Ceuta,15515.205,1,5,2021
5,Ceuta,15653.908,1,6,2021
6,Ceuta,17409.528,1,7,2021
7,Ceuta,17829.99,1,8,2021
8,Ceuta,16921.593,1,9,2021
9,Ceuta,16448.789,1,10,2021
10,Ceuta,16035.752,1,11,2021
11,Ceuta,16848.583,1,12,2021
0,Comunidad de Madrid,2740894.826,1,1,2021
1,Comunidad de Madrid,2262499.896,1,2,2021
2,Comunidad de Madrid,2378553.143,1,3,2021
3,Comunidad de Madrid,2130429.496,1,4,2021
4,Comunidad de Madrid,2107378.281,1,5,2021
5,Comunidad de Madrid,2166515.997,1,6,2021
6,Comunidad de Madrid,2347371.347,1,7,2021
7,Comunidad de Madrid,2259789.28,1,8,2021
8,Comunidad de Madrid,2072075.097,1,9,2021
9,Comunidad de Madrid,2075335.099,1,10,2021
10,Comunidad de Madrid,2386503.737,1,11,2021
11,Comunidad de Madrid,2507655.755,1,12,2021
0,Comunidad Foral de Navarra,443553.286,1,1,2021
1,Comunidad Foral de Navarra,410832.434,1,2,2021
2,Comunidad Foral de Navarra,437964.061,1,3,2021
3,Comunidad Foral de Navarra,406589.998,1,4,2021
4,Comunidad Foral de Navarra,426771.793,1,5,2021
5,Comunidad Foral de Navarra,422513.312,1,6,2021
6,Comunidad Foral de Navarra,405159.449,1,7,2021
7,Comunidad Foral de Navarra,391177.128,1,8,2021
8,Comunidad Foral de Navarra,423399.212,1,9,2021
9,Comunidad Foral de Navarra,414220.512,1,10,2021
10,Comunidad Foral de Navarra,437375.677,1,11,2021
11,Comunidad Foral de Navarra,421278.98,1,12,2021
0,Comunitat Valenciana,2541784.95,1,1,2021
1,Comunitat Valenciana,2020604.117,1,2,2021
2,Comunitat Valenciana,2252014.427,1,3,2021
3,Comunitat Valenciana,2051278.824,1,4,2021
4,Comunitat Valenciana,2055062.999,1,5,2021
5,Comunitat Valenciana,2166490.181,1,6,2021
6,Comunitat Valenciana,2560090.745,1,7,2021
7,Comunitat Valenciana,2405188.279,1,8,2021
8,Comunitat Valenciana,2264075.528,1,9,2021
9,Comunitat Valenciana,2082354.219,1,10,2021
10,Comunitat Valenciana,2207275.169,1,11,2021
11,Comunitat Valenciana,2263430.835,1,12,2021
0,Extremadura,487003.673,1,1,2021
1,Extremadura,395298.669,1,2,2021
2,Extremadura,425492.436,1,3,2021
3,Extremadura,376617.189,1,4,2021
4,Extremadura,383981.298,1,5,2021
5,Extremadura,405586.42,1,6,2021
6,Extremadura,423714.488,1,7,2021
7,Extremadura,509621.441,1,8,2021
8,Extremadura,414550.084,1,9,2021
9,Extremadura,382150.628,1,10,2021
10,Extremadura,421384.241,1,11,2021
11,Extremadura,429876.923,1,12,2021
0,Galicia,1694495.593,1,1,2021
1,Galicia,1484968.544,1,2,2021
2,Galicia,1564011.296,1,3,2021
3,Galicia,1426069.727,1,4,2021
4,Galicia,1454054.616,1,5,2021
5,Galicia,1365134.11,1,6,2021
6,Galicia,1369843.94,1,7,2021
7,Galicia,1377124.299,1,8,2021
8,Galicia,1381155.204,1,9,2021
9,Galicia,1418232.566,1,10,2021
10,Galicia,1493168.54,1,11,2021
11,Galicia,1521980.401,1,12,2021
0,Illes Balears,470923.625,1,1,2021
1,Illes Balears,361715.977,1,2,2021
2,Illes Balears,410107.525,1,3,2021
3,Illes Balears,378811.138,1,4,2021
4,Illes Balears,380442.847,1,5,2021
5,Illes Balears,459727.74,1,6,2021
6,Illes Balears,601270.435,1,7,2021
7,Illes Balears,632604.942,1,8,2021
8,Illes Balears,544052.918,1,9,2021
9,Illes Balears,444700.654,1,10,2021
10,Illes Balears,408606.143,1,11,2021
11,Illes Balears,435319.025,1,12,2021
0,La Rioja,146298.76,1,1,2021
1,La Rioja,129503.338,1,2,2021
2,La Rioja,144652.408,1,3,2021
3,La Rioja,129506.033,1,4,2021
4,La Rioja,130651.022,1,5,2021
5,La Rioja,128050.949,1,6,2021
6,La Rioja,140864.511,1,7,2021
7,La Rioja,130850.035,1,8,2021
8,La Rioja,133323.629,1,9,2021
9,La Rioja,135918.94,1,10,2021
10,La Rioja,140846.25,1,11,2021
11,La Rioja,141258.077,1,12,2021
0,Melilla,18321.295,1,1,2021
1,Melilla,15061.0,1,2,2021
2,Melilla,16300.381,1,3,2021
3,Melilla,15293.779,1,4,2021
4,Melilla,16356.496,1,5,2021
5,Melilla,16601.305,1,6,2021
6,Melilla,19875.328,1,7,2021
7,Melilla,20335.852,1,8,2021
8,Melilla,18196.105,1,9,2021
9,Melilla,16468.922,1,10,2021
10,Melilla,15759.968,1,11,2021
11,Melilla,16807.759,1,12,2021
0,País Vasco,1452389.83,1,1,2021
1,País Vasco,1331125.747,1,2,2021
2,País Vasco,1445981.843,1,3,2021
3,País Vasco,1298198.318,1,4,2021
4,País Vasco,1350193.26,1,5,2021
5,País Vasco,1325699.371,1,6,2021
6,País Vasco,1313327.347,1,7,2021
7,País Vasco,1032737.987,1,8,2021
8,País Vasco,1303370.899,1,9,2021
9,País Vasco,1328564.107,1,10,2021
10,País Vasco,1414374.753,1,11,2021
11,País Vasco,1278916.676,1,12,2021
0,Principado de Asturias,867913.759,1,1,2021
1,Principado de Asturias,754268.325,1,2,2021
2,Principado de Asturias,808309.756,1,3,2021
3,Principado de Asturias,768077.88,1,4,2021
4,Principado de Asturias,776093.729,1,5,2021
5,Principado de Asturias,729077.631,1,6,2021
6,Principado de Asturias,754393.956,1,7,2021
7,Principado de Asturias,720273.259,1,8,2021
8,Principado de Asturias,725963.978,1,9,2021
9,Principado de Asturias,750755.832,1,10,2021
10,Principado de Asturias,783627.844,1,11,2021
11,Principado de Asturias,805235.909,1,12,2021
0,Región de Murcia,833740.735,1,1,2021
1,Región de Murcia,704966.713,1,2,2021
2,Región de Murcia,757147.666,1,3,2021
3,Región de Murcia,706783.625,1,4,2021
4,Región de Murcia,730774.566,1,5,2021
5,Región de Murcia,757175.204,1,6,2021
6,Región de Murcia,905457.514,1,7,2021
7,Región de Murcia,901082.855,1,8,2021
8,Región de Murcia,793300.95,1,9,2021
9,Región de Murcia,707168.96,1,10,2021
10,Región de Murcia,723781.406,1,11,2021
11,Región de Murcia,781601.118,1,12,2021
